,0
0,확대
1,보장
2,국가
3,도입
4,지원
5,제도
6,사회
7,법
8,주택
9,청년
10,강화
11,국민
12,폐지
13,추진
14,전환
15,정책
16,산업
17,제정
18,기업
19,교육
20,구축
21,실현
22,예산
23,마련
24,정부
25,일자리
26,개정
27,지역
28,확보
29,고용
30,정치
31,위원회
32,통합
33,시행
34,금지
35,소득
36,재정
37,체계
38,개혁
39,서비스
40,권리
41,공급
42,경제
43,지급
44,대학
45,의료
46,노동
47,개선
48,문화
49,토지
50,디지털
51,미래
52,플랫폼
53,세
54,혁신
55,한반도
56,투자
57,활용
58,운영
59,선거
60,설치
61,사업
62,법률
63,체제
64,기술
65,민간
66,노동자
67,전면
68,개편
69,개발
70,에너지
71,기본소득
72,대통령
73,의무
74,건강
75,보험
76,장애인
77,연금
78,평화
79,기후
80,규제
81,주거
82,책임
83,기금
84,건설
85,기준
86,부담
87,적용
88,청소년
89,임금
90,발전
91,구성
92,코로나
93,안전
94,부동산
95,탄소
96,보호
97,해소
98,복지
99,위기
100,관리
101,시설
102,안정
103,신설
104,시스템
105,지방
106,대한민국
107,세계
108,실시
109,협력
110,조정
111,처벌
112,참여
113,공무원
114,제한
115,활성화
116,감축
117,남북
118,투표
119,제공
120,정당
121,대응
122,육성
123,기관
124,확충
125,수준
126,조성
127,원칙
128,일반
129,과학기술
130,평등
131,환경
132,과정
133,지출
134,달성
135,대상
136,임대
137,수도권
138,가족
139,시대
140,설립
141,현행
142,문제
143,국제
144,수립
145,급여
146,임대주택
147,헌법
148,활동
149,피해
150,구조
151,교통
152,국회의원
153,폐기
154,방역
155,인재
156,녹색
157,차별
158,아동
159,생활
160,연구
161,안보
162,성장
163,직접
164,도시
165,방지
166,취업
167,분야
168,자금
169,국회
170,사람
171,확립
172,해결
173,조원
174,국가책임
175,글로벌
176,인상
177,취임
178,중단
179,사용
180,부
181,시간
182,한국
183,종합
184,기회
185,센터
186,인력
187,업자
188,지속
189,성과
190,규정
191,영업
192,수당
193,정보
194,농민
195,분양
196,특별법
197,노조
198,정의
199,은행
200,병원
201,회복
202,중립
203,공정
204,격차
205,행정
206,인권
207,증대
208,준비
209,조치
210,자산
211,기본권
212,비용
213,완화
214,상향
215,관계
216,자영
217,시민
218,현장
219,적극
220,외교
221,회계
222,주권
223,정비
224,국비
225,전략
226,금융
227,근절
228,계획
229,범죄
230,인정
231,시장
232,추가
233,현재
234,주민
235,한미
236,통일
237,학교
238,조직
239,공개
240,채용
241,우선
242,효과
243,기구
244,방식
245,개인
246,원전
247,예술
248,불평등
249,소유
250,뉴딜
251,치료
252,발생
253,안심
254,전국
255,포함
256,거주
257,택지
258,장기
259,기초
260,동물
261,보유
262,이용
263,구조조정
264,과학
265,출산
266,최소
267,개표
268,양성
269,불공정
270,여성
271,맞춤
272,공공기관
273,비율
274,국민연금
275,합의
276,핵
277,손실보상
278,무상
279,규모
280,축소
281,전문가
282,노동권
283,환수
284,거래
285,명시
286,절감
287,좌파
288,극복
289,경쟁력
290,허용
291,목적
292,대비
293,연령
294,산업혁명
295,대책
296,자유
297,민주
298,세수
299,자율
300,폭력
301,온라인
302,결정
303,사업자
304,자치
305,공항
306,효율
307,반영
308,업무
309,제화
310,로드맵
311,해외
312,청와대
313,그린
314,부여
315,인구
316,성소수자
317,생계
318,확산
319,국내
320,편성
321,철도
322,감독
323,전담
324,성범죄
325,수사
326,행위
327,계층
328,보육
329,콘텐츠
330,전체
331,특별
332,비핵화
333,국방
334,중소기업
335,임대료
336,불법
337,재벌
338,층
339,권력
340,민주주의
341,비례대표제
342,영화
343,가입
344,인하
345,진행
346,결혼
347,독재정
348,감염병
349,발행
350,프로젝트
351,선도
352,창업
353,시작
354,피해자
355,신규
356,생애
357,임명
358,특수
359,이익
360,서울
361,증가
362,노인
363,경찰
364,역할
365,개헌
366,교사
367,육아휴직
368,가치
369,데이터
370,동맹
371,세제
372,집중
373,정권
374,평가
375,북한
376,상황
377,부과
378,과세
379,교원
380,인사
381,화폐
382,긴급
383,재생에너지
384,배출
385,인프라
386,대출
387,공적
388,재생산
389,가격
390,스마트
391,어르신
392,장애
393,현실
394,제로
395,단축
396,강국
397,방송
398,등기
399,포괄
400,동시
401,지자체
402,유지
403,임신
404,전자
405,확장
406,미국
407,석탄
408,상한
409,공립
410,나라
411,공동체
412,조항
413,제조
414,적폐
415,백신
416,보상
417,성별
418,성차별
419,근로
420,단위
421,구입
422,재해
423,균형발전
424,재건축
425,공동
426,공간
427,대규모
428,노동시간
429,추천
430,내각
431,프로그램
432,청산
433,가정
434,생태
435,단체
436,부채
437,독점
438,연동
439,대폭
440,표현
441,공기업
442,재산
443,통제
444,원금
445,형태
446,침해
447,탄핵
448,보건
449,역량
450,정성
451,온실가스
452,화로
453,보편
454,성폭력
455,광역
456,배당
457,진단
458,기능
459,독립
460,삶
461,자립
462,부모
463,등록
464,수행
465,직업
466,수요
467,유치
468,분리
469,획기
470,교류
471,혜택
472,재개
473,해체
474,감소
475,최고
476,대체
477,탄소세
478,입법
479,계약
480,법인세
481,소득세
482,과도
483,선언
484,학생
485,군인
486,졸업
487,세력
488,근로자
489,핵무기
490,당선
491,상공
492,공인
493,시점
494,비중
495,직속
496,고려
497,집
498,공유
499,원가
500,완성
501,대표
502,어린이집
503,하향
504,존중
505,영역
506,첨단
507,산재
508,학습
509,입시
510,균형
511,반려동물
512,스타트업
513,사법
514,의원
515,모병제
516,진출
517,세대
518,훈련
519,권한
520,상환
521,국정
522,추계
523,가능
524,과제
525,요건
526,일부
527,공사
528,공영
529,세율
530,공직자
531,지방자치단체
532,지역별
533,병상
534,후보자
535,공직
536,국제사회
537,검토
538,장관
539,사학
540,법안
541,지역구
542,생산
543,무료
544,누구
545,아파트
546,재개발
547,노후
548,분권
549,촉진
550,상생
551,행정부
552,증액
553,취약
554,동일
555,향상
556,생태계
557,등록금
558,버스
559,국무총리
560,절차
561,투명
562,선택
563,최저임금
564,지대
565,재량
566,순환
567,기타
568,설계
569,완료
570,특별회계
571,유아
572,철폐
573,휴가
574,유보
575,이동
576,부처
577,체결
578,원자력
579,기여
580,전월세
581,고위
582,분할
583,병력
584,일본
585,남북한
586,경영
587,악법
588,가사
589,개념
590,가장
591,교체
592,노점상
593,경감
594,방비
595,주요
596,항공
597,법적
598,공론
599,의사
600,변경
601,건물
602,투기
603,공존
604,부문
605,근로기준법
606,회의
607,우주
608,관광
609,진료
610,경쟁
611,주거권
612,도전
613,증진
614,질서
615,수단
616,지향
617,부지
618,저출산
619,결과
620,연합
621,무기
622,제의
623,공공교통
624,수익
625,중대
626,다양성
627,사회보장
628,동의
629,개발이익
630,접근권
631,위원
632,자격
633,주체
634,군비
635,건립
636,조사
637,민노총
638,수급
639,경제성장
640,농업
641,조건
642,양적완화
643,국채
644,지정
645,즉각
646,자급
647,온전
648,과감
649,융합
650,신고
651,스토킹
652,남녀
653,부부
654,서민
655,월세
656,국토
657,고령화
658,공익
659,요구
660,자연
661,먹거리
662,지능
663,생명
664,중국
665,통상
666,제재
667,협상
668,전력
669,비례
670,손실
671,주기
672,처우
673,세입
674,선제
675,스스로
676,종료
677,창의
678,양육
679,변화
680,여성가족부
681,방지법
682,형성
683,제시
684,면제
685,정상
686,실행
687,중지
688,삭제
689,천만원
690,연장
691,세금
692,유세
693,민주화
694,중앙
695,보험료
696,수능
697,차별금지법
698,동반
699,평균
700,선거권
701,사제
702,증강
703,독일
704,사건
705,억원
706,학제
707,보증
708,조약
709,문재인
710,부족
711,자행
712,내각제
713,우리나라
714,필수
715,수출
716,연대
717,구현
718,친환경
719,주주
720,차단
721,장치
722,행방
723,부분
724,농어촌
725,유형
726,진학
727,최저
728,반값
729,재산세
730,종부세
731,공제
732,여건
733,복합
734,명문
735,배분
736,점진
737,애인
738,재난
739,위협
740,차원
741,예방
742,처리
743,노동조합
744,노사
745,주도
746,학력
747,진입
748,연구개발
749,인공
750,정상화
751,능력
752,윤리
753,위성정당
754,검찰
755,전문
756,법원
757,국익
758,군
759,복원
760,대북
761,근거
762,기적
763,가동
764,제출
765,방해
766,일정
767,매입
768,허가
769,제왕
770,소요
771,간섭
772,집행
773,원인
774,위험
775,자녀
776,유엔
777,배치
778,교육과정
779,법령
780,단지
781,정신건강
782,탕감
783,분담
784,식량
785,할당
786,중위
787,학자금
788,양도소득세
789,건축
790,갱신
791,집단
792,주식
793,의료인
794,무상교육
795,보조금
796,투표소
797,외부
798,제안
799,유공
800,말
801,건전성
802,경제정책
803,배당금
804,신혼부부
805,카드
806,국유화
807,기간산업
808,배제
809,정체
810,동북아
811,정당법
812,국민투표
813,재단
814,파괴
815,경제활동
816,전교조
817,음모
818,투입
819,인자
820,달러
821,공매도
822,수렴
823,물량
824,협의
825,증장
826,마을
827,로부터
828,미세먼지
829,유치원
830,시도
831,도약
832,스포츠
833,강소
834,출신
835,비례대표
836,월급
837,전개
838,유도
839,위반
840,신뢰
841,사각
842,양질
843,근로시간
844,대기업
845,사항
846,전제
847,자체
848,수입
849,대통령실
850,검증
851,특성
852,별로
853,이자
854,의회
855,동결
856,해당
857,시험
858,세습
859,미사일
860,판문점
861,대화
862,방어
863,운용
864,핵심
865,번영
866,발전소
867,비정규직
868,교섭
869,특례
870,조세
871,매각
872,증여
873,배달
874,법인
875,납품
876,정원
877,장려
878,특권
879,선거운동
880,거대
881,산정
882,대통령제
883,인간
884,확인
885,무력
886,군사
887,전액
888,자주
889,미래세
890,원년
891,수제
892,발의
893,노동시장
894,혐오
895,성교육
896,유급
897,후원
898,언론
899,재정정책
900,지배
901,적정
902,법정
903,지금
904,등국
905,영화로
906,사립대
907,홍보
908,여부
909,민족
910,비핵지대
911,부정선거
912,선관위
913,의혹
914,붕괴
915,한민족
916,논리
917,건전
918,정법
919,포퓰리즘
920,농지
921,양극화
922,인선
923,소상
924,바이오
925,소비
926,고도화
927,펀드
928,체인
929,종사
930,예술인
931,금리
932,산후조리원
933,난임
934,내집마련
935,배정
936,구직
937,충당
938,집값
939,실수
940,자의
941,합리
942,모델링
943,주거지
944,자원
945,환자
946,영유
947,간호
948,요양
949,의제
950,출생
951,초등
952,행복
953,질병
954,보수
955,일제
956,기획재정부
957,미디어
958,한류
959,표준
960,비대
961,가계
962,병사
963,심사
964,선진
965,실용
966,선발
967,정신
968,일괄
969,제반
970,유예
971,요인
972,상분
973,원천
974,실패
975,소재
976,존속
977,여러
978,성인
979,보건복지부
980,다한
981,비리
982,외국인
983,사드
984,불가
985,회로
986,자율성
987,분석
988,반도체
989,천적
990,프리랜서
991,징벌
992,상권
993,선출
994,교육부
995,득세
996,강제
997,상장
998,천만
999,제대
1000,후보
1001,중점
1002,단가
1003,기초의회
1004,셀프
1005,선진국
1006,고등
1007,부금
1008,이사
1009,성격
1010,감시
1011,전시
1012,근무
1013,기탁금
1014,사전
1015,상대
1016,전쟁
1017,대결
1018,보좌
1019,최첨단
1020,수령
1021,여야
1022,네트워크
1023,약자
1024,담보
1025,이익환
1026,전형
1027,운동
1028,관료
1029,귀족
1030,반대
1031,지식
1032,육아
1033,공직선거법
1034,자동차
1035,통화
1036,통신
1037,고등학교
1038,명예
1039,상속세
1040,자본
1041,사내
1042,학과
1043,의견
1044,사실혼
1045,공단
1046,대적
1047,군축
1048,무장
1049,이기
1050,줄
1051,선거인명부
1052,사전투표
1053,우편
1054,개성
1055,회수
1056,예상
1057,정리
1058,삭감
1059,박근혜
1060,도성
1061,반드시
1062,노점
1063,이직
1064,사용권
1065,경험
1066,비무장지대
1067,팬데믹
1068,매출
1069,신용
1070,자본시장
1071,유니콘
1072,가상
1073,유통
1074,업종
1075,소액
1076,최대
1077,일터
1078,연기금
1079,관점
1080,영상
1081,표시
1082,양형
1083,시술
1084,건강검진
1085,실천
1086,용적률
1087,공시가격
1088,취득세
1089,대학교육
1090,국세
1091,지방세
1092,고속
1093,발굴
1094,주변
1095,지방정부
1096,토대
1097,하위
1098,방문
1099,간병
1100,모델
1101,추정
1102,소방
1103,편입
1104,경력
1105,밀착
1106,임산부
1107,농산물
1108,출산휴가
1109,평생교육
1110,대입
1111,단절
1112,학대
1113,요금
1114,지하철
1115,정치권
1116,제대로
1117,징계
1118,동아시아
1119,진전
1120,공급망
1121,공감
1122,자료
1123,먼저
1124,보급
1125,종식
1126,모니터링
1127,탄력
1128,강소기업
1129,중견
1130,제거
1131,출범
1132,협조
1133,규칙
1134,나머지
1135,봉사
1136,단일
1137,메타
1138,중립성
1139,선정
1140,우수
1141,우울증
1142,희망
1143,정년
1144,횟수
1145,본인
1146,양립
1147,찬스
1148,조명
1149,평화협정
1150,공조
1151,다자
1152,보복
1153,실효
1154,혁명
1155,화력발전소
1156,진흥
1157,공생
1158,구제
1159,골목
1160,협약
1161,사용자
1162,알고리즘
1163,식량주권
1164,곡물
1165,착취
1166,담당
1167,의심
1168,입자
1169,순차
1170,상속
1171,명령
1172,초과이익공유제
1173,업체
1174,연동제
1175,시티
1176,광역의회
1177,지방의회
1178,국립
1179,문병원
1180,역
1181,충족
1182,영향
1183,존엄
1184,입양
1185,서울대
1186,만들기
1187,교육재정
1188,정기호
1189,구성원
1190,간부
1191,비준
1192,인원
1193,야생동물
1194,운송
1195,정착
1196,특혜
1197,피선거권
1198,참정권
1199,국민소환제
1200,국고
1201,실무
1202,특정
1203,협정
1204,안정화
1205,내용
1206,회담
1207,항구
1208,수정
1209,복무
1210,희생
1211,차세대
1212,전문성
1213,탈피
1214,병
1215,주의
1216,기득권
1217,패스
1218,캠퍼스
1219,간소화
1220,임대차
1221,파악
1222,자격시험
1223,무효
1224,금지법
1225,중등
1226,살기
1227,부양
1228,동권
1229,집권
1230,설정
1231,민세
1232,보전
1233,현금
1234,자법
1235,유권자
1236,금액
1237,석수
1238,교육제도
1239,수송
1240,금은
1241,귀속
1242,한계
1243,축산
1244,대부분
1245,상호
1246,벌금
1247,망국
1248,무보수
1249,학업
1250,증권
1251,부산
1252,국유
1253,주치의
1254,혼인
1255,단속
1256,동등
1257,평화조약
1258,핵우산
1259,진실
1260,규명
1261,총선
1262,부정
1263,법관
1264,보관
1265,재외국민
1266,판결
1267,단죄
1268,청구
1269,등본
1270,변동
1271,정보통
1272,권법
1273,초래
1274,입국
1275,노동법
1276,국가보안법
1277,일방
1278,추세
1279,투쟁
1280,변질
1281,존립
1282,제기
1283,초등학교
1284,만세
1285,유아교육
1286,어려움
1287,분쇄
1288,점점
1289,상위
1290,갈등
1291,명부
1292,경협
1293,통일한국
1294,외치
1295,총력
1296,단행
1297,국민소득
1298,주가지수
1299,북방
1300,제조업
1301,모빌리티
1302,도심
1303,주식시장
1304,축제
1305,시제
1306,변형
1307,데이트
1308,명칭
1309,접종
1310,피임
1311,용산
1312,어민
1313,농어
1314,꿈
1315,신속
1316,품질
1317,거취
1318,기별
1319,충청
1320,호남
1321,농산
1322,어촌
1323,남부
1324,수도
1325,일과
1326,집무실
1327,주치
1328,쿼터
1329,자동
1330,상병
1331,탈모
1332,한부모
1333,장례
1334,양육비
1335,빅데이터
1336,군대
1337,라면
1338,상의
1339,시적
1340,공교육
1341,계좌
1342,리제
1343,교육청
1344,체육
1345,와이파이
1346,창작
1347,중임
1348,알권리
1349,시민사회
1350,진영
1351,강화인
1352,기소
1353,전관예우
1354,재판
1355,보안
1356,징집
1357,능동
1358,기조
1359,영토
1360,뒷받침
1361,포스트
1362,무대
1363,재외동포
1364,행동
1365,적대
1366,방위
1367,조성하
1368,패러다임
1369,벤처기업
1370,저해
1371,부응
1372,주력
1373,호공
1374,실제
1375,대금
1376,사이트
1377,대처
1378,바탕
1379,청사진
1380,조직개편
1381,정부조직
1382,청사
1383,구체
1384,리더십
1385,민관
1386,산학
1387,국책
1388,개방
1389,모험
1390,실험
1391,용인
1392,중장
1393,고급
1394,동안
1395,동력
1396,스트레스
1397,남성
1398,현상
1399,검사
1400,세부
1401,출발
1402,추구
1403,시민단체
1404,강성
1405,결단
1406,도발
1407,억제
1408,노력
1409,북미
1410,채널
1411,병행
1412,기기
1413,배터리
1414,믹스
1415,수소
1416,호기
1417,핵발전소
1418,처분
1419,제품
1420,환경오염
1421,사후
1422,노출
1423,안전성
1424,채권
1425,창구
1426,제도로
1427,손해배상
1428,생활임금
1429,자기계발
1430,보상금
1431,고통
1432,화법
1433,상가
1434,전망
1435,직불제
1436,강간죄
1437,촬영
1438,앱
1439,보증금
1440,토지개혁
1441,불로소득
1442,소비자
1443,학기
1444,전세
1445,청구권
1446,양제
1447,항목
1448,이해충돌
1449,수수료
1450,자기
1451,감사
1452,접근
1453,읍
1454,소속
1455,의사결정
1456,결선투표제
1457,선심
1458,등법
1459,예비
1460,대학원
1461,간호사
1462,자발
1463,휴게
1464,심리
1465,일몰
1466,고사
1467,우리동네
1468,위임
1469,동물복지
1470,장법
1471,저상버스
1472,동물보호
1473,채식
1474,직급
1475,총수
1476,사면
1477,국민발안제
1478,세비
1479,총리
1480,동수
1481,소송
1482,부활
1483,프로세스
1484,비핵
1485,데탕트
1486,항모
1487,장병
1488,병영
1489,우려
1490,영국
1491,프랑스
1492,국가장학금
1493,포지티브
1494,네거티브
1495,북핵
1496,호혜적
1497,발사
1498,미군
1499,사병
1500,정상회담
1501,천명
1502,형평성
1503,대형
1504,부작용
1505,합동
1506,기준금리
1507,대신
1508,누진
1509,실정
1510,취득
1511,가액
1512,중과
1513,전철
1514,수시
1515,형사
1516,취소
1517,청탁
1518,타파
1519,재편
1520,음기호
1521,혁파
1522,보류
1523,타임오프제
1524,더욱
1525,낭비
1526,빈곤
1527,빈곤층
1528,안철수
1529,세토
1530,화석연료
1531,이윤
1532,휴식
1533,봉쇄
1534,증원
1535,소수
1536,불균형
1537,부합
1538,기후변화
1539,한국은행
1540,전달
1541,공정거래법
1542,입증책임
1543,실습
1544,실업
1545,학년
1546,동물실험
1547,정규
1548,공장
1549,가이드라인
1550,기획
1551,분산
1552,걱정
1553,징병제
1554,유엔본부
1555,사기
1556,중등교육
1557,융자
1558,국가경쟁력
1559,용이
1560,성남
1561,고도
1562,일가
1563,관계자
1564,장시간
1565,전기요금
1566,대중운동
1567,민중
1568,전가
1569,함재
1570,광역시
1571,가해자
1572,법체계
1573,태아
1574,실태
1575,언어
1576,상태
1577,자립생활
1578,자제
1579,역사
1580,정전협정
1581,당사자
1582,법치국가
1583,가지
1584,훼손
1585,독려
1586,심판
1587,공화국
1588,등급
1589,개입
1590,어디
1591,센티
1592,제법
1593,실리
1594,성장동력
1595,방송사
1596,주파수
1597,우리
1598,대도시
1599,지불
1600,거짓
1601,석방
1602,법성
1603,다시
1604,강압
1605,시킴
1606,높이
1607,외국
1608,진자
1609,폭등
1610,출하
1611,원자력발전
1612,권익
1613,불신
1614,야간
1615,파트너
1616,인식
1617,절실
1618,도움
1619,자리
1620,지주회사
1621,발안
1622,정수
1623,취지
1624,발표
1625,인건비
1626,우주과학
1627,분열
1628,정례
1629,유라시아
1630,대륙
1631,전통
1632,지방자치제
1633,절벽
1634,폐단
1635,의약품
1636,채무
1637,연체
1638,위축
1639,부장
1640,남방
1641,인터넷
1642,대도
1643,블록
1644,포용
1645,고속도로
1646,판매
1647,도로
1648,차량
1649,수소차
1650,투자자
1651,법전
1652,장년
1653,저축
1654,무관용
1655,음성
1656,반의사불벌죄
1657,요소
1658,표준화
1659,생리대
1660,정서
1661,원룸
1662,교육비
1663,주자
1664,장기간
1665,적립
1666,대수
1667,일시
1668,대전
1669,메가시티
1670,강원
1671,새만금
1672,소멸
1673,중앙정부
1674,치아
1675,임플란트
1676,중증
1677,아토피
1678,발급
1679,헌신
1680,부상
1681,공상
1682,공안
1683,흉악
1684,유기
1685,쓰레기
1686,보행자
1687,플라스틱
1688,폐기물
1689,급식
1690,유전자
1691,조기
1692,정규직
1693,타워
1694,실화
1695,환시
1696,고등교육
1697,서열
1698,인적
1699,연구자
1700,사람과
1701,도출
1702,식용
1703,재발
1704,통신비
1705,중소
1706,자기결정권
1707,학벌
1708,신속성
1709,잠수함
1710,해병대
1711,집약
1712,전투
1713,부사관
1714,식당
1715,민간인
1716,질
1717,한일관계
1718,약속
1719,접경
1720,합리화
1721,국세청
1722,인수위
1723,본부
1724,국가부채
1725,정립
1726,동기
1727,숙련
1728,견인
1729,등세
1730,매개
1731,거버넌스
1732,정부조직법
1733,대통령령
1734,여론
1735,부서
1736,판단
1737,추격
1738,구비
1739,연구기관
1740,부품
1741,개설
1742,산후조리
1743,산후
1744,검진
1745,연관
1746,생각
1747,우대
1748,무고죄
1749,의적
1750,도용
1751,빚
1752,연대보증
1753,예측
1754,대량
1755,응징
1756,적응
1757,청정
1758,변환
1759,배출권거래제
1760,특성화고
1761,에너지부
1762,자회사
1763,태양광
1764,탈핵
1765,한울
1766,모듈
1767,영구
1768,화학
1769,해양
1770,영제
1771,노동기본권
1772,특고
1773,사유
1774,단순화
1775,평등수
1776,효력
1777,하청
1778,일로
1779,신청
1780,작업중
1781,지권
1782,점포
1783,휴일
1784,가맹
1785,회안
1786,식품
1787,농약
1788,복구
1789,가정폭력
1790,성매매
1791,구글
1792,구별
1793,고시원
1794,만기
1795,체험
1796,자전거
1797,이상은
1798,자가
1799,거품
1800,총괄
1801,기숙사
1802,선분
1803,부의
1804,계열
1805,경제력
1806,지배구조
1807,출자
1808,회사
1809,열사
1810,사외이사
1811,전원
1812,행사
1813,경제체제
1814,은퇴
1815,사무
1816,이원화
1817,예산안
1818,재의
1819,요람
1820,무덤
1821,타당성
1822,종합병원
1823,권역
1824,일차
1825,의학
1826,의대
1827,입원
1828,군구
1829,요양보호사
1830,실버
1831,개조
1832,협동조합
1833,원사
1834,아동학대
1835,초등학생
1836,아동복
1837,전문대
1838,의무교육
1839,고교
1840,사립학교
1841,문화센터
1842,제모
1843,출연
1844,설명
1845,수리
1846,테크
1847,소수자
1848,삶터
1849,감염
1850,이주
1851,발달장애
1852,보조
1853,안락사
1854,번식
1855,승진
1856,단체교섭권
1857,가형
1858,입법부
1859,사법부
1860,사실
1861,법정대리인
1862,직원
1863,선거법
1864,신탁
1865,비서실
1866,행정고시
1867,법제
1868,보고
1869,개시
1870,흡수
1871,참가
1872,정신과
1873,대다수
1874,산림
1875,제복
1876,주역
1877,북
1878,불급
1879,패권
1880,주권국가
1881,디스플레이
1882,군복무
1883,평화통일
1884,핵실험
1885,국방부
1886,공군
1887,로봇
1888,병역
1889,한중
1890,성명
1891,러
1892,진정
1893,러시아
1894,컨소시엄
1895,기강
1896,직역
1897,적자
1898,간의
1899,일원화
1900,제정공
1901,영업소
1902,역학
1903,운동장
1904,권역별
1905,여행
1906,특례법
1907,복권
1908,지하
1909,모기지론
1910,이연제
1911,대학입시
1912,내신
1913,점수
1914,로스쿨
1915,지위
1916,엄벌
1917,위조
1918,입학
1919,부로
1920,개정안
1921,시장경제
1922,법강
1923,주가
1924,파업
1925,야합
1926,철밥통
1927,근본
1928,사안
1929,틀
1930,절대
1931,초생
1932,활보
1933,박탈
1934,아이
1935,매달
1936,사물인터넷
1937,립
1938,수사권
1939,광화문
1940,정파
1941,관제
1942,객관
1943,핵연료
1944,재활용
1945,세분
1946,농가
1947,농업인
1948,지세
1949,유부
1950,교정
1951,공시지가
1952,누진세
1953,이산화탄소
1954,분배
1955,복지급여
1956,환매
1957,비축
1958,여성폭력
1959,지침
1960,월경
1961,용품
1962,공시
1963,주일
1964,민법
1965,규율
1966,선거구
1967,선거일
1968,화석
1969,중앙은행
1970,화력발전
1971,전기차
1972,위험부담
1973,금년
1974,입금
1975,차용
1976,고령자
1977,무제
1978,시간제
1979,연일
1980,속성
1981,동물보호법
1982,민영
1983,반려
1984,우호
1985,기획예산처
1986,재무부
1987,영향력
1988,가계부채
1989,중산층
1990,세상
1991,결재
1992,임시
1993,연애
1994,명당
1995,입소
1996,국방력
1997,과목
1998,통일부
1999,청년실업
2000,김영란
2001,금융실명제
2002,유출
2003,미군기지
2004,안경
2005,식사
2006,외곽
2007,벨트
2008,원산시
2009,연해주
2010,코리아
2011,자치주
2012,적격성
2013,일감
2014,종합소득세
2015,영속
2016,총파업
2017,가속
2018,가사노동
2019,위탁
2020,권제
2021,사립
2022,화전
2023,중복
2024,정지
2025,보완
2026,젠더
2027,나이
2028,평등권
2029,동성혼
2030,시민결합
2031,이분법
2032,이데올로기
2033,교원양성
2034,성정체성
2035,군형법
2036,조의
2037,심일
2038,교육법
2039,통합교육
2040,철수
2041,개국
2042,포기
2043,핵공격
2044,정치단체
2045,입후보
2046,비밀
2047,이송
2048,작업
2049,행정절차
2050,계몽운동
2051,교민
2052,동원
2053,전세계
2054,재수
2055,준엄
2056,독식
2057,마무리
2058,엘리트
2059,관리직
2060,퇴직
2061,민영화
2062,낙하산
2063,땅
2064,대구
2065,경북
2066,광주
2067,증여세
2068,학부
2069,관행
2070,하도급
2071,반면
2072,차등
2073,용적
2074,고령
2075,양도
2076,표구
2077,상한선
2078,도세
2079,상비
2080,대가
2081,한도
2082,대학생
2083,한일
2084,제주도
2085,약화
2086,검열
2087,전파
2088,통신사
2089,경매
2090,참고
2091,도의
2092,신규가입
2093,납입
2094,입가
2095,마진
2096,재심
2097,정당성
2098,특별검사
2099,역사왜곡
2100,가짜
2101,부적
2102,격자
2103,자진
2104,명단
2105,법질서
2106,중국인
2107,경제성
2108,이름
2109,강행
2110,파탄
2111,인위
2112,찾기
2113,자유시장경제
2114,사회주의
2115,마차
2116,장주
2117,명목
2118,서도
2119,취하
2120,참사
2121,최근
2122,기만
2123,수집
2124,공청회
2125,사이
2126,도모
2127,타격
2128,존폐
2129,신재생에너지
2130,주장
2131,순수
2132,악습
2133,악행
2134,가치관
2135,본질
2136,산업사
2137,정보사회
2138,결성
2139,압축
2140,취학
2141,중학교
2142,연결
2143,대표자
2144,투표제
2145,참관인
2146,집계
2147,편파
2148,사정
2149,획책
2150,수호
2151,촛불
2152,그것
2153,가짐
2154,사망
2155,번방
2156,성적
2157,사이버
2158,점차
2159,비혼
2160,동거
2161,법률혼
2162,복직
2163,징역
2164,과밀
2165,가능성
2166,방편
2167,잔액
2168,심화
2169,이유
2170,노동보호법
2171,공함
2172,부당
2173,상담
2174,상승
2175,상시
2176,일화
2177,해지
2178,감안
2179,탄탈
2180,내연
2181,신권
2182,부자
2183,부유세
2184,조선
2185,급증
2186,인센티브
2187,고조
2188,찬성
2189,과반수
2190,소환투표
2191,지난
2192,반환
2193,철거
2194,종전
2195,종결
2196,분단
2197,초봉
2198,금강산
2199,개막
2200,길
2201,우주개발
2202,과열
2203,적재적소
2204,민생
2205,감세
2206,화합
2207,자생
2208,방향성
2209,리더
2210,디벨로퍼
2211,부가가치
2212,인류
2213,남북정상회담
2214,통일방안
2215,대사관
2216,물류
2217,다문화
2218,수출입
2219,폐해
2220,과실
2221,알리
2222,안목
2223,각의
2224,마음
2225,참모
2226,인물
2227,학계
2228,보은
2229,마인드
2230,증식
2231,일원
2232,출산율
2233,오미크론
2234,이종
2235,국산
2236,예방접종
2237,지역화폐
2238,쿠폰
2239,신용등급
2240,하락
2241,대사
2242,추경
2243,강의
2244,국력
2245,모태
2246,경제권
2247,가상공간
2248,자정
2249,보통신
2250,입지
2251,성취
2252,행차
2253,상용
2254,전기
2255,주가조작
2256,영진
2257,탈법
2258,횡포
2259,기내
2260,예금
2261,소규모
2262,성희롱
2263,친족
2264,성범죄자
2265,신상
2266,고지
2267,카메라
2268,페이크
2269,산부인과
2270,의학과
2271,제비
2272,공원
2273,일대
2274,다세대
2275,단념
2276,니트
2277,촘촘
2278,특임장관
2279,직불
2280,채소
2281,주거지역
2282,수직
2283,증축
2284,신도
2285,신도시
2286,보료
2287,이월
2288,노약
2289,균형성장
2290,현안
2291,특별자치도
2292,혁신도시
2293,강호
2294,도시국가
2295,거점도시
2296,트램
2297,린산
2298,세종시
2299,세종
2300,의사당
2301,모색
2302,감액
2303,재택
2304,유니버설
2305,디자인
2306,확대촘촘
2307,관리소
2308,임의
2309,후견
2310,대지
2311,급제
2312,증명서
2313,공무
2314,해경
2315,소방관
2316,재범
2317,보이스피싱
2318,박멸
2319,방범
2320,민관경
2321,손해
2322,배상
2323,기상재난
2324,예보
2325,유해
2326,물질
2327,지킴
2328,홍수
2329,수돗물
2330,대강
2331,류지
2332,수산물
2333,수거
2334,꾸러미
2335,어린이
2336,일간
2337,품바
2338,끼니
2339,건보
2340,시일
2341,축전
2342,보호대
2343,미가
2344,트롤
2345,환초
2346,하교
2347,대학도시
2348,양성국
2349,성과학
2350,부총
2351,컴퓨팅
2352,장목
2353,예술가
2354,밸리
2355,한글
2356,포인트
2357,클럽
2358,여가
2359,가제
2360,휴대폰
2361,금제
2362,할인
2363,여대
2364,공항철도
2365,작자
2366,제작
2367,유료
2368,표정
2369,국민주권
2370,부총리
2371,실력
2372,불체포특권
2373,절차법
2374,정수사
2375,조력
2376,상고
2377,편의
2378,원자력추진
2379,건조
2380,사령부
2381,창설
2382,해공
2383,준군
2384,병과
2385,준용
2386,사관학교
2387,교미
2388,진취
2389,한중간
2390,긍정
2391,정경
2392,트랙
2393,용의
2394,신질
2395,축국
2396,한인
2397,스냅백
2398,클러스터
2399,등년
2400,플랜
2401,강도
2402,상제
2403,폐업
2404,신체
2405,심리상담
2406,펜데믹
2407,일치
2408,장복
2409,전환규
2410,산업화
2411,삼각
2412,가해
2413,국내외
2414,원화
2415,매칭
2416,성전
2417,도심역
2418,차량기지
2419,호소
2420,약정
2421,반올림
2422,합계
2423,성년
2424,작성
2425,행단
2426,착공
2427,준공
2428,임재
2429,원리금
2430,접속
2431,민원
2432,토탈
2433,예견
2434,집단지성
2435,숙의
2436,가시
2437,잔재
2438,직제
2439,내년
2440,개발자
2441,행정가
2442,지원이
2443,명확
2444,다국적
2445,적도
2446,전적
2447,난제
2448,당면
2449,비소
2450,당국
2451,근원
2452,난관
2453,만혼
2454,만산
2455,산모
2456,상당수
2457,기피
2458,출생률
2459,비급
2460,잉여
2461,배아
2462,프로게스테론
2463,배우자
2464,추진단
2465,공통
2466,내일
2467,소명
2468,사다리
2469,부조리
2470,다수
2471,양산
2472,암행어사
2473,스트라이크아웃
2474,편법
2475,인척
2476,승계
2477,보호수
2478,용제
2479,거짓말
2480,공금
2481,유용
2482,회계부정
2483,윤미향
2484,불법행위
2485,엄단
2486,가입자
2487,피부
2488,명의
2489,취감경
2490,음주
2491,촉법소년
2492,등대
2493,결속
2494,관성
2495,상호주
2496,안보리
2497,결의
2498,워싱턴
2499,남
2500,연락
2501,사무소
2502,자간
2503,설화
2504,연습
2505,야외
2506,기동
2507,산이
2508,최강
2509,신념
2510,유럽
2511,초미세먼지
2512,이슈
2513,노미
2514,시전
2515,선행
2516,조화
2517,도안
2518,설비
2519,환경성
2520,에너지정책
2521,부흥
2522,소형
2523,원자로
2524,저장장치
2525,충격
2526,핵사
2527,취급
2528,준위
2529,핵폐기물
2530,성분
2531,석면
2532,가습기
2533,살균제
2534,구축물
2535,하천
2536,육상
2537,노선
2538,자가용
2539,녹지
2540,축의
2541,적재
2542,반회
2543,시범
2544,연차
2545,원스톱
2546,승인
2547,인과관계
2548,외주
2549,과로사
2550,유지형
2551,공일
2552,대세
2553,허위
2554,리뷰
2555,쇼핑몰
2556,젠트리피케이션
2557,비료
2558,그릴
2559,젠더폭력
2560,인신매매
2561,이차
2562,애플
2563,마켓
2564,사후관리
2565,그루밍
2566,점검
2567,채팅
2568,불시
2569,후지
2570,엄마
2571,아빠
2572,동등권
2573,주류
2574,컨테이너
2575,기초자산
2576,졸업생
2577,디딤돌
2578,백만원
2579,폴리텍
2580,생계비
2581,햇살
2582,유스
2583,분절
2584,대중교통
2585,상세
2586,정보공개
2587,합산
2588,중과세
2589,물가상승률
2590,세액
2591,수용률
2592,퇴거
2593,완공
2594,금융투자
2595,천억
2596,양도소득
2597,연봉
2598,소득공제
2599,생략
2600,할증
2601,여유
2602,배송
2603,임제
2604,운반
2605,누적
2606,신주
2607,공개매수
2608,의결권
2609,대표소송
2610,증거개시
2611,디스커버리
2612,특화된
2613,커뮤니티
2614,정주
2615,보충
2616,성의
2617,입법권
2618,재정권
2619,지방자치
2620,사무이
2621,중선거구제
2622,유성
2623,연수
2624,인사청문회
2625,상급
2626,역별
2627,국립대
2628,중진
2629,권별
2630,외래
2631,병동
2632,손상
2633,공헌
2634,경륜
2635,적합
2636,노숙인
2637,인부
2638,조제
2639,점심시간
2640,금쪽
2641,출산전후
2642,가정위탁
2643,그룹
2644,홈
2645,사교육비
2646,수업
2647,변혁
2648,동그라미
2649,난방
2650,화장실
2651,식수
2652,탁월
2653,중층
2654,사교육
2655,앞장
2656,절대평가
2657,학원
2658,일요
2659,휴무
2660,자아
2661,지역재생
2662,미술관
2663,도서관
2664,기반시설
2665,드라마
2666,애니메이션
2667,사장
2668,방송통신
2669,지역성
2670,면접
2671,과기부총리
2672,과기부
2673,보직
2674,허브
2675,거점국립대
2676,전자제품
2677,종이
2678,운영체제
2679,오픈소스
2680,국가인권위
2681,이민법
2682,비자
2683,영주
2684,난민
2685,법장
2686,의정서
2687,스트라이크
2688,아웃
2689,시내버스
2690,폐차
2691,고속버스
2692,시외버스
2693,보조공학
2694,특허
2695,화면
2696,물건
2697,동물학대
2698,물살
2699,화장
2700,이력
2701,유실
2702,농장
2703,실험동물
2704,존엄성
2705,고취
2706,보행
2707,운임
2708,매뉴얼
2709,범죄예방
2710,버넌스
2711,화재
2712,스프링클러
2713,소화기
2714,압수
2715,단결권
2716,부패
2717,대권
2718,시민권
2719,법앞
2720,대법원
2721,대법관
2722,헌법재판관
2723,군사법
2724,법조비리
2725,척결
2726,공표
2727,황제
2728,노역
2729,유전
2730,무죄
2731,법학
2732,대통령선거
2733,미성년
2734,당원
2735,첨부
2736,고액
2737,선거정보
2738,직무관련성
2739,교섭단체
2740,결산
2741,스탭
2742,기틀
2743,복지부
2744,왼손
2745,경찰대
2746,소송비용
2747,신원
2748,불이익
2749,청렴
2750,접근성
2751,국가정보원
2752,경과
2753,경비
2754,사의
2755,다차원
2756,공고
2757,진짜
2758,본격
2759,화남
2760,전복
2761,중요
2762,배격
2763,사적
2764,대박
2765,결합
2766,전단
2767,봉급
2768,하급
2769,강요
2770,정예
2771,사치
2772,능가
2773,딜레마
2774,등불
2775,이차전지
2776,출세
2777,과학기술부총리
2778,석비
2779,서관
2780,요원
2781,이민
2782,대항
2783,상층
2784,하층
2785,신형
2786,패트리어트
2787,천궁
2788,태세
2789,육군
2790,해군
2791,무기체계
2792,하이
2793,전투기
2794,제공권
2795,장악
2796,경계
2797,테니스
2798,잡초
2799,붕어빵병
2800,잡무
2801,세탁
2802,조리
2803,아웃소싱
2804,이스라엘
2805,벤치마킹
2806,국방의무
2807,동성
2808,김대중
2809,오부
2810,평시
2811,군사법원
2812,내의
2813,일벌
2814,전역
2815,방산
2816,고갈
2817,경조
2818,연금제
2819,베이비부머
2820,납부
2821,차병원
2822,법과학
2823,실시간
2824,체육관
2825,이동형
2826,야전병원
2827,이중
2828,밀집
2829,밀접
2830,밀폐
2831,숙박
2832,공연
2833,미접
2834,종자
2835,특이
2836,체질
2837,신의
2838,부가가치세
2839,세법
2840,한시
2841,퇴치
2842,수익금
2843,초고
2844,주상
2845,공중
2846,매력
2847,자인
2848,자년
2849,거치
2850,발리
2851,정초
2852,감경
2853,청약
2854,대별
2855,기세
2856,교란
2857,비만
2858,국철
2859,상부
2860,리츠
2861,개도국
2862,정시
2863,반전
2864,배려
2865,특기
2866,자전
2867,사시
2868,통과
2869,변호사시험
2870,스펙
2871,업무방해
2872,사문서
2873,제적
2874,면허
2875,술
2876,대판
2877,음서
2878,발각
2879,진로
2880,탐색
2881,학부모
2882,향후
2883,총리실
2884,소관
2885,양해
2886,인성
2887,적성
2888,창의력
2889,등학
2890,파노
2891,집회
2892,장사
2893,떼법
2894,위법행위
2895,항해
2896,패악
2897,도덕
2898,해이
2899,방만
2900,혈세
2901,대물
2902,전산
2903,적발
2904,무차익
2905,대여
2906,단상
2907,금융위
2908,사단
2909,거래소
2910,금감원
2911,완비
2912,정이
2913,복지로
2914,탈출
2915,조합
2916,비수
2917,추징
2918,탈수
2919,마스크
2920,방과후
2921,코딩
2922,외국어
2923,카피
2924,처방
2925,관전
2926,손주
2927,경로당
2928,독거
2929,원상
2930,위상
2931,정치검찰
2932,세종로
2933,등용
2934,국무위원
2935,국무회의
2936,정통
2937,중반
2938,사퇴
2939,해진
2940,림화
2941,진단슬림
2942,책임정치
2943,천제
2944,재보궐선거
2945,무공
2946,지휘
2947,기소권
2948,마약
2949,사국
2950,재생
2951,파이로프로세싱
2952,후위
2953,기법
2954,자원부
2955,초점
2956,다양
2957,재배
2958,농작물
2959,당신
2960,조세형
2961,환산
2962,원부
2963,추산
2964,비비
2965,근로장려금
2966,공공부조
2967,무소득
2968,패키지
2969,상업
2970,국토교통부
2971,개발부담금
2972,간토
2973,차감
2974,나답
2975,교제
2976,범죄수사
2977,위계
2978,동성결혼
2979,화인
2980,규약
2981,행동강령
2982,등무
2983,정치인
2984,소멸성
2985,의석
2986,수로
2987,무소속
2988,독소
2989,청각장애
2990,발언
2991,모의
2992,차기
2993,분형
2994,상당
2995,량톤
2996,진성
2997,환원
2998,각각
2999,재무
3000,내연기관
3001,스마트그리드
3002,실증
3003,조속
3004,우라늄
3005,내진
3006,소외
3007,재인
3008,케어
3009,함차
3010,트윈
3011,다국적기업
3012,유지시
3013,인수합병
3014,중개
3015,정화
3016,용액
3017,부실
3018,행주
3019,주간
3020,연일로
3021,가산
3022,첫해
3023,고정
3024,노무
3025,부인
3026,자동화
3027,이의제기
3028,대행
3029,이륜차
3030,공임
3031,오토
3032,바이크
3033,자격증
3034,감정노동자
3035,환현
3036,입대
3037,자당
3038,기업체
3039,일체
3040,정식
3041,등득
3042,대변
3043,경미
3044,생물다양성
3045,보호지역
3046,공탁
3047,어획
3048,남획
3049,철회
3050,공용
3051,육식
3052,서식지
3053,야생
3054,돌물
3055,구역
3056,동물원
3057,상품
3058,가죽
3059,모피
3060,털
3061,오락
3062,유흥
3063,기재부
3064,국무총리실
3065,관장
3066,금융통화위원회
3067,정거
3068,통화량
3069,함주
3070,원장
3071,고함
3072,중산
3073,돈
3074,재민
3075,작년
3076,스와프
3077,탈세
3078,정현
3079,부결
3080,월남
3081,참전
3082,파독광부
3083,시불
3084,병역기피
3085,징병
3086,유관
3087,유입
3088,고증
3089,전공
3090,고질
3091,교육문제
3092,체덕
3093,전인
3094,수능시험
3095,재학생
3096,갑
3097,근세
3098,제목
3099,쌍벌죄
3100,교도소
3101,표결
3102,신혼
3103,김포공항
3104,해제
3105,선착순
3106,공목
3107,함양
3108,시력
3109,재료
3110,음식재료
3111,음식점
3112,순환도로
3113,블라디
3114,보스
3115,톡
3116,관광지
3117,관광객
3118,교통난
3119,블라디보스토크
3120,환일
3121,사주
3122,소각
3123,축적
3124,공적자금
3125,심의
3126,외세
3127,용량
3128,달
3129,성장기
3130,국민의회
3131,집행권
3132,맞선
3133,가덕도
3134,폐쇄핵
3135,조장
3136,단기간
3137,화보
3138,양은
3139,악화
3140,매도
3141,매수
3142,검역
3143,사관
3144,병원체
3145,비타
3146,대학입학
3147,택시
3148,무선통신
3149,립비
3150,구성요건
3151,불벌
3152,정유
3153,산유
3154,도제
3155,일반의약품
3156,유산
3157,사산
3158,안착
3159,아버지
3160,소급
3161,용기
3162,인종
3163,국적
3164,피부색
3165,외모
3166,종교
3167,사상
3168,전과
3169,성적지향
3170,신분
3171,결사
3172,미등록
3173,프라이버시
3174,에이즈
3175,폐쇄
3176,재활
3177,작업장
3178,수학
3179,학급
3180,동선
3181,불가침
3182,국교
3183,항공모함
3184,상응
3185,발효
3186,보호국
3187,망라
3188,핵에너지
3189,정교원
3190,조합원
3191,쟁의
3192,국가공무원
3193,지방공무원법
3194,지연
3195,증거
3196,만천하
3197,개인정보
3198,령등
3199,전부
3200,절대로
3201,제원
3202,겸임
3203,행정기관
3204,투표절차
3205,행정명령
3206,행정규칙
3207,일이
3208,하드웨어
3209,사례
3210,전용
3211,이송이
3212,재외
3213,법현
3214,영사관
3215,등수
3216,현지
3217,애국심
3218,고양시
3219,문과
3220,구심
3221,허구성
3222,살인
3223,탄압
3224,민사
3225,승자
3226,국민회
3227,새정부
3228,천원
3229,면책특권
3230,순혈
3231,전문직
3232,감히
3233,배심원
3234,대칭성
3235,통계
3236,법조
3237,인산
3238,각출
3239,부울경
3240,연방제
3241,행정권
3242,부가세
3243,이남
3244,유사
3245,해치
3246,정산
3247,비즈
3248,아이디어
3249,상법
3250,법보
3251,편주
3252,지안
3253,폭탄
3254,방지책
3255,고용주
3256,봉양
3257,가점
3258,예약
3259,대기
3260,급행
3261,일상
3262,고독
3263,고독사
3264,무역
3265,통상협정
3266,계대
3267,규범
3268,정치화
3269,무관
3270,구매
3271,보존
3272,그린벨트
3273,발단
3274,미니
3275,뉴타운
3276,주시
3277,이상자
3278,매물
3279,주축
3280,메기
3281,득점
3282,추첨
3283,거점
3284,통폐합
3285,권리장전
3286,첫째
3287,둘째
3288,및창
3289,직위
3290,샌드박스
3291,미진
3292,조정미
3293,심의회
3294,성결정
3295,추월
3296,우뚝
3297,존망
3298,교육대학
3299,특화미
3300,컴퓨터
3301,퀀텀
3302,플렉시블
3303,우위
3304,테이
3305,클라우드
3306,생산자
3307,소부
3308,특허전쟁
3309,개탄
3310,요코스카
3311,주둔
3312,함대
3313,압력
3314,아시아
3315,편향
3316,광고물량
3317,불허
3318,교육방송
3319,페이스북
3320,유튜브
3321,이용자
3322,글
3323,계정
3324,김영삼
3325,하나회
3326,투표일
3327,달이
3328,시공
3329,자재
3330,탄생
3331,강북
3332,낙후
3333,수용
3334,신입생
3335,요청
3336,영리
3337,부조
3338,임용
3339,자도
3340,납입케하
3341,금납
3342,부액
3343,지급시
3344,권장
3345,억천만원
3346,시중
3347,입찰
3348,자신
3349,수감
3350,소위
3351,구금
3352,태블릿
3353,포랜
3354,박영수
3355,특검
3356,헌법재판소
3357,입증
3358,수십
3359,색출
3360,비공개
3361,반납
3362,권고
3363,고기
3364,한해
3365,설득
3366,한국전력
3367,권력분립
3368,적법절차
3369,원리
3370,국회법
3371,국정원
3372,예속
3373,주요한
3374,직권남용
3375,직무
3376,직무유기죄
3377,울산
3378,월성
3379,조작
3380,대장동
3381,게이트
3382,농단
3383,모욕
3384,하수
3385,처법
3386,중재법
3387,굴욕
3388,불합의
3389,위헌법률심판
3390,발동
3391,책임자
3392,후속
3393,해괴
3394,전도
3395,유망
3396,제약
3397,원함
3398,다정
3399,책
3400,국가채무
3401,현재세
3402,물자
3403,자화자찬
3404,진의
3405,은폐
3406,허울
3407,악용
3408,불편
3409,다감
3410,염병
3411,역직
3412,마녀사냥
3413,회생
3414,혼잡
3415,역외
3416,직전
3417,발상
3418,다운
3419,관건
3420,방교
3421,부세
3422,도달
3423,시정
3424,족적
3425,구한
3426,취한
3427,업계
3428,불구
3429,내지
3430,이로
3431,황폐
3432,석유
3433,아주
3434,거의
3435,성함
3436,지구온난화
3437,론자
3438,엉터리
3439,장일
3440,인명
3441,현저
3442,운영체계
3443,노골
3444,착오
3445,폭압적
3446,갑질
3447,어가
3448,침체
3449,교수
3450,본연
3451,계발
3452,이념
3453,주입
3454,좌편향
3455,것일
3456,표학
3457,초연
3458,특징
3459,생활양식
3460,체적
3461,안팎
3462,교육성
3463,초등교육
3464,비교
3465,인생
3466,다현
3467,공휴일
3468,당일
3469,표함
3470,소로
3471,계수
3472,유효
3473,정확성
3474,문제점
3475,입회
3476,여론조사
3477,언론보도
3478,여당
3479,야당
3480,군소
3481,용납
3482,힘
3483,염원
3484,무시
3485,대선
3486,승리
3487,쿠데타
3488,궁극
3489,김정은
3490,연방국
3491,가로
3492,전락
3493,마지막
3494,친북
3495,주사파
3496,합법
3497,정당화
3498,진상
3499,이승만
3500,건국
3501,한강
3502,박정희
3503,애국
3504,공화당
3505,위장
3506,우파
3507,이원집정부제
3508,두
3509,분점
3510,계승
3511,길이
3512,땀
3513,치노
3514,해고
3515,균점
3516,영세
3517,무급
3518,제국
3519,가가
3520,고용보
3521,주재
3522,시간대
3523,교대
3524,과징금
3525,업주
3526,구속
3527,발주
3528,설계자
3529,공자
3530,감리
3531,폭염
3532,한파
3533,보시
3534,중상
3535,도급
3536,함성
3537,오프라인
3538,물의
3539,유포
3540,시청
3541,소지
3542,간주
3543,물리
3544,성립
3545,특수성
3546,범죄자
3547,서버
3548,일명
3549,부다페스트
3550,심각
3551,용어
3552,체포
3553,이해
3554,책무
3555,직종
3556,누락
3557,질문
3558,합격자
3559,성비
3560,지표
3561,미달
3562,징수
3563,혈연
3564,언급
3565,현행법
3566,명과
3567,수위
3568,대혁명
3569,가격결정
3570,농촌
3571,농정
3572,작동
3573,밑거름
3574,원평
3575,대유행
3576,가까이
3577,함자
3578,생존
3579,비공식
3580,실체
3581,미관
3582,상행위
3583,생존권
3584,알바
3585,직장
3586,지은
3587,이자지
3588,재임
3589,매매
3590,불가타
3591,면적
3592,상실
3593,실습생
3594,체불
3595,성과급
3596,검정고시
3597,컨트롤
3598,중부
3599,구청
3600,전청
3601,학생인권
3602,조례
3603,구체성
3604,공황장애
3605,불안장애
3606,불안
3607,증상
3608,대인
3609,승률
3610,편차
3611,상이
3612,당시
3613,서나
3614,원대
3615,파트
3616,토건
3617,카르텔
3618,가중
3619,택일
3620,개대
3621,백지
3622,경기도
3623,임차
3624,주택임대차보호법
3625,마음대로
3626,고시
3627,함년
3628,재계약
3629,물가
3630,상률
3631,온도
3632,결별
3633,재산권
3634,변동성
3635,배출량
3636,차지
3637,울릉도
3638,백령도
3639,제주
3640,범인
3641,주행
3642,도산
3643,태양열
3644,판
3645,매우
3646,시각
3647,이처럼
3648,직접세
3649,욕구
3650,비차
3651,회원
3652,분위기
3653,반값등록금
3654,영아
3655,공세
3656,교권
3657,무직
3658,공백
3659,직영
3660,호출
3661,불과
3662,결원
3663,보호자
3664,동물권
3665,펫샵
3666,모라토리엄
3667,재벌해체
3668,경제민주화
3669,슈퍼
3670,리치
3671,각국
3672,직면
3673,이해관계자
3674,의존
3675,분쟁
3676,정중
3677,거절
3678,분쟁해결
3679,구상권
3680,용역
3681,이익공유제
3682,원자재
3683,하도급법
3684,외환위기
3685,배율
3686,위로
3687,꼬박꼬박
3688,불만
3689,논의
3690,파벌
3691,부정부패
3692,국민소환
3693,과반
3694,서명
3695,고개
3696,회부
3697,확정
3698,수의
3699,재보선
3700,공천
3701,처음
3702,사태
3703,본래
3704,왜곡
3705,동현
3706,로함
3707,출마
3708,미제
3709,출시
3710,중선
3711,거구
3712,지지율
3713,마찬가지
3714,입성
3715,대선거구제
3716,득표수
3717,기탁
3718,상대방
3719,공격
3720,기지
3721,군사훈련
3722,전시작전통제권
3723,화해
3724,비정상
3725,정전
3726,냉전
3727,혼합
3728,병제
3729,책정
3730,장성
3731,남한
3732,비인도적
3733,허물
3734,통일로
3735,독자
3736,발사체
3737,인공위성
3738,개년
3739,토론회
3740,관철
3741,소개
3742,동하
3743,동해안
3744,특구
3745,화의
3746,항공우주
3747,연구원
3748,협회
3749,공식
3750,혁파하
3751,잡기
3752,공급물량
3753,셋값
3754,법도
3755,고부
3756,신생아
3757,주택지
3758,법무
3759,버팀목
3760,만족도
3761,대외
3762,개발원조
3763,감각
3764,노하우
3765,박차
3766,유지관리
3767,선인
3768,관심
3769,억지
3770,무인
3771,접목
3772,군사기술
3773,초석
3774,스위스
3775,국론
3776,골자
3777,이바지
3778,동북아시아
3779,경제사
3780,회문
3781,친구
3782,준수
3783,중간
3784,통일체
3785,제인
3786,자강
3787,강대국
3788,벽
3789,경제통합
3790,선포
3791,구상
3792,대립
3793,상징
3794,주목
3795,탈바꿈
3796,개최
3797,명인
3798,면서
3799,지지
3800,열차
3801,운행
3802,경의선
3803,동해
3804,태평양
3805,막대
3806,지정학적
3807,요충지
3808,이점
3809,극대
3810,촌
3811,가옥
3812,건축물
3813,현대
3814,한자리
3815,어울림
3816,미학
3817,지구촌
3818,학회
3819,레저
3820,범주
3821,구가
3822,다량
3823,해운
3824,도래
3825,차후
3826,아이콘
3827,맞이
3828,상식
3829,표방
3830,시선
3831,항상
3832,입법기관
3833,불가능
3834,목소리
3835,대열
3836,세계사
3837,유래
3838,속도
3839,가파른
3840,염려
3841,지경
3842,고인
3843,정세
3844,급변
3845,지구
3846,기용
3847,두루
3848,위치
3849,방향
3850,거론
3851,빈
3852,병폐
3853,다각
3854,이기주의
3855,최선
3856,군림
3857,권력자
3858,의식
3859,지평
3860,열기
3861,태도
3862,고스
3863,어깨
3864,전문화
3865,힘겨루기
3866,조율
3867,연한
3868,지적
3869,내정
3870,트랜드
3871,경영인
3872,근속
3873,속출
3874,젊은이
3875,기도
3876,기업인
3877,일반인
3878,비판
3879,경제위기
3880,한번
3881,화가
